id,focus,signal,slack,drag,confidence,score,lane,kind,invariant
g001,packet span,112,25,5,25,309,ship,baseline,monotonic-signal
g002,retry pressure,34,56,7,74,307,ship,edge,drag-penalty
g003,route drift,86,39,10,84,388,ship,recovery,confidence-floor
g004,socket risk,72,33,34,70,248,ship,negative,lane-boundary
g005,packet span,112,33,5,24,323,ship,baseline,monotonic-signal
g006,retry pressure,48,35,34,92,248,ship,edge,drag-penalty
g007,route drift,107,39,29,44,293,ship,recovery,confidence-floor
g008,socket risk,52,43,28,68,242,ship,negative,lane-boundary
g009,packet span,72,48,8,41,298,ship,baseline,monotonic-signal
g010,retry pressure,42,18,42,32,58,hold,edge,drag-penalty
g011,route drift,30,75,39,32,157,watch,recovery,confidence-floor
g012,socket risk,116,36,18,80,410,ship,negative,lane-boundary
g013,packet span,30,19,20,22,82,hold,baseline,monotonic-signal
g014,retry pressure,79,48,12,84,386,ship,edge,drag-penalty
g015,route drift,63,30,30,76,248,ship,recovery,confidence-floor
g016,socket risk,102,24,20,77,346,ship,negative,lane-boundary
g017,packet span,37,23,16,39,150,watch,baseline,monotonic-signal
g018,retry pressure,96,60,16,24,312,ship,edge,drag-penalty
g019,route drift,41,46,17,21,165,watch,recovery,confidence-floor
g020,socket risk,105,42,40,24,222,ship,negative,lane-boundary
g021,packet span,97,42,32,73,328,ship,baseline,monotonic-signal
g022,retry pressure,52,45,30,83,270,ship,edge,drag-penalty
g023,route drift,77,14,30,69,230,ship,recovery,confidence-floor
g024,socket risk,49,71,32,23,190,watch,negative,lane-boundary
g025,packet span,39,52,34,91,262,ship,baseline,monotonic-signal
g026,retry pressure,37,60,37,43,169,watch,edge,drag-penalty
g027,route drift,84,66,19,67,377,ship,recovery,confidence-floor
g028,socket risk,67,72,32,40,262,ship,negative,lane-boundary
g029,packet span,62,42,19,31,213,ship,baseline,monotonic-signal
g030,retry pressure,107,30,14,31,294,ship,edge,drag-penalty
g031,route drift,89,61,13,79,419,ship,recovery,confidence-floor
g032,socket risk,65,44,35,21,155,watch,negative,lane-boundary
g033,packet span,75,38,27,83,311,ship,baseline,monotonic-signal
g034,retry pressure,39,38,24,75,232,ship,edge,drag-penalty
g035,route drift,113,40,45,76,323,ship,recovery,confidence-floor
g036,socket risk,65,44,5,38,279,ship,negative,lane-boundary
g037,packet span,89,48,39,23,203,ship,baseline,monotonic-signal
g038,retry pressure,60,53,15,20,221,ship,edge,drag-penalty
g039,route drift,93,23,5,23,263,ship,recovery,confidence-floor
g040,socket risk,113,10,43,72,261,ship,negative,lane-boundary
g041,packet span,83,41,43,82,283,ship,baseline,monotonic-signal
g042,retry pressure,71,24,44,68,194,watch,edge,drag-penalty
g043,route drift,69,53,25,22,213,ship,recovery,confidence-floor
g044,socket risk,71,35,17,90,341,ship,negative,lane-boundary
g045,packet span,32,29,15,42,161,watch,baseline,monotonic-signal
g046,retry pressure,104,28,15,66,351,ship,edge,drag-penalty
g047,route drift,55,65,17,39,267,ship,recovery,confidence-floor
g048,socket risk,78,51,19,30,261,ship,negative,lane-boundary
g049,packet span,49,47,22,30,186,watch,baseline,monotonic-signal
g050,retry pressure,82,47,4,78,402,ship,edge,drag-penalty
g051,route drift,58,50,17,20,205,ship,recovery,confidence-floor
g052,socket risk,50,19,4,82,290,ship,negative,lane-boundary
g053,packet span,93,76,41,74,363,ship,baseline,monotonic-signal
g054,retry pressure,30,57,40,75,204,ship,edge,drag-penalty
g055,route drift,90,65,20,37,324,ship,recovery,confidence-floor
g056,socket risk,80,71,12,22,310,ship,negative,lane-boundary
g057,packet span,78,77,9,105,493,ship,baseline,monotonic-signal
g058,retry pressure,37,47,30,22,122,hold,edge,drag-penalty
g059,route drift,108,35,32,71,332,ship,recovery,confidence-floor
g060,socket risk,103,66,24,81,428,ship,negative,lane-boundary
g061,packet span,60,49,42,67,226,ship,baseline,monotonic-signal
g062,retry pressure,42,43,32,21,116,hold,edge,drag-penalty
g063,route drift,106,43,28,89,392,ship,recovery,confidence-floor
g064,socket risk,116,45,28,41,320,ship,negative,lane-boundary
g065,packet span,80,49,29,65,301,ship,baseline,monotonic-signal
g066,retry pressure,66,53,10,38,284,ship,edge,drag-penalty
g067,route drift,106,58,44,29,254,ship,recovery,confidence-floor
g068,socket risk,42,28,42,29,72,hold,negative,lane-boundary
g069,packet span,101,15,42,77,260,ship,baseline,monotonic-signal
g070,retry pressure,46,46,44,105,262,ship,edge,drag-penalty
g071,route drift,66,29,4,81,340,ship,recovery,confidence-floor
g072,socket risk,36,58,7,73,313,ship,negative,lane-boundary
g073,packet span,112,40,31,74,359,ship,baseline,monotonic-signal
g074,retry pressure,110,34,44,36,228,ship,edge,drag-penalty
g075,route drift,112,33,31,21,239,ship,recovery,confidence-floor
g076,socket risk,73,70,26,104,416,ship,negative,lane-boundary
g077,packet span,57,56,25,21,193,watch,baseline,monotonic-signal
g078,retry pressure,96,52,5,70,421,ship,edge,drag-penalty
g079,route drift,31,52,39,80,209,ship,recovery,confidence-floor
g080,socket risk,90,55,36,66,314,ship,negative,lane-boundary
g081,packet span,35,24,15,20,113,hold,baseline,monotonic-signal
g082,retry pressure,99,11,17,88,345,ship,edge,drag-penalty
g083,route drift,91,62,9,40,359,ship,recovery,confidence-floor
g084,socket risk,46,70,27,64,279,ship,negative,lane-boundary
g085,packet span,71,76,17,37,317,ship,baseline,monotonic-signal
g086,retry pressure,43,12,13,28,127,hold,edge,drag-penalty
g087,route drift,33,52,13,28,187,watch,recovery,confidence-floor
g088,socket risk,31,40,14,76,252,ship,negative,lane-boundary
g089,packet span,78,71,37,104,395,ship,baseline,monotonic-signal
g090,retry pressure,61,54,29,80,303,ship,edge,drag-penalty
g091,route drift,56,48,27,72,271,ship,recovery,confidence-floor
g092,socket risk,101,48,27,73,363,ship,negative,lane-boundary
g093,packet span,83,50,29,35,249,ship,baseline,monotonic-signal
g094,retry pressure,59,54,31,20,173,watch,edge,drag-penalty
g095,route drift,69,58,34,103,358,ship,recovery,confidence-floor
g096,socket risk,33,63,16,20,184,watch,negative,lane-boundary
